{"cameraMode":{"drawMode":0,"name":"Shaded","section":"Shading Mode"},"sceneLighting":false,"audioPlay":false,"sceneViewState":{"m_AlwaysRefresh":false,"showFog":true,"showSkybox":false,"showFlares":true,"showImageEffects":true,"showParticleSystems":true,"showVisualEffectGraphs":true,"m_FxEnabled":true},"in2DMode":false,"pivot":{"x":0.1515781730413437,"y":0.5955299735069275,"z":0.694839358329773},"rotation":{"x":-0.009306417778134346,"y":0.026092778891324998,"z":-0.00024269669665955007,"w":-0.9996166229248047},"size":1.5021946430206299,"orthographic":false}