{"cameraMode":{"drawMode":0,"name":"Shaded","section":"Shading Mode"},"sceneLighting":false,"audioPlay":false,"sceneViewState":{"m_AlwaysRefresh":false,"showFog":true,"showSkybox":false,"showFlares":true,"showImageEffects":true,"showParticleSystems":true,"showVisualEffectGraphs":true,"m_FxEnabled":true},"in2DMode":false,"pivot":{"x":0.013472020626068116,"y":0.5356123447418213,"z":-0.00483095645904541},"rotation":{"x":-0.10412882268428803,"y":0.7546631693840027,"z":-0.12357617914676666,"w":-0.6359009742736816},"size":1.2101465463638306,"orthographic":false}