{"cameraMode":{"drawMode":0,"name":"Shaded","section":"Shading Mode"},"sceneLighting":false,"audioPlay":false,"sceneViewState":{"m_AlwaysRefresh":false,"showFog":true,"showSkybox":false,"showFlares":true,"showImageEffects":true,"showParticleSystems":true,"showVisualEffectGraphs":true,"m_FxEnabled":true},"in2DMode":false,"pivot":{"x":0.2810477614402771,"y":0.25771424174308779,"z":-0.13547386229038239},"rotation":{"x":-0.24456937611103059,"y":0.12812115252017976,"z":-0.0326206237077713,"w":-0.9605767726898193},"size":2.9456350803375246,"orthographic":false}