{"cameraMode":{"drawMode":0,"name":"Shaded","section":"Shading Mode"},"sceneLighting":true,"audioPlay":false,"sceneViewState":{"m_AlwaysRefresh":false,"showFog":true,"showSkybox":true,"showFlares":true,"showImageEffects":true,"showParticleSystems":true,"showVisualEffectGraphs":true,"m_FxEnabled":true},"in2DMode":false,"pivot":{"x":751.586181640625,"y":1114.6759033203125,"z":-19.340072631835939},"rotation":{"x":-0.0014662084868177772,"y":-0.5862335562705994,"z":0.0010608353186398745,"w":-0.8101405501365662},"size":683.7173461914063,"orthographic":false}